dataset,conf_num,reg_type,weight_type,alpha,use_layer_norm,use_aug,lr,batch_size,train_full_score,train_partial_score,val_full_score,val_partial_score,train_partial_scores_mean,val_partial_scores_mean,train_diff_full_partial,val_diff_full_partial,diff_full_partial_min,partial_scores_mean_min
Credit_g,81,l2,avg,0.5,False,False,0.01,32,0.8578125238418579,0.849 +- 0.008,0.7437499761581421,0.745 +- 0.018,0.849,0.745,0.008812523841857933,-0.0012500238418579057,-0.0012500238418579057,0.745
Credit_g,130,max,avg,0.5,False,False,0.01,64,0.8312500119209291,0.834 +- 0.007,0.7437499761581421,0.742 +- 0.02,0.834,0.742,-0.0027499880790708975,0.001749976158142097,-0.0027499880790708975,0.742
Credit_g,177,var,avg,0.5,False,False,0.01,32,0.8296874761581421,0.822 +- 0.007,0.7624999880790709,0.736 +- 0.018,0.822,0.736,0.007687476158142137,0.026499988079070946,0.007687476158142137,0.736
Credit_g,105,max,None,1.0,False,False,0.01,32,0.9031249880790709,0.888 +- 0.01,0.6875,0.731 +- 0.016,0.888,0.731,0.015124988079070922,-0.04349999999999998,-0.04349999999999998,0.731
Credit_g,106,max,None,1.0,False,False,0.01,64,0.907812476158142,0.888 +- 0.009,0.71875,0.731 +- 0.017,0.888,0.731,0.019812476158141967,-0.012249999999999983,-0.012249999999999983,0.731
Credit_g,50,l2,None,0.5,False,False,0.01,64,0.8390625119209291,0.833 +- 0.01,0.7437499761581421,0.731 +- 0.017,0.833,0.731,0.006062511920929103,0.012749976158142107,0.006062511920929103,0.731
Credit_g,114,max,loss,0.5,False,False,0.01,64,0.8703125119209291,0.871 +- 0.009,0.6937500238418579,0.73 +- 0.015,0.871,0.73,-0.0006874880790709303,-0.03624997615814207,-0.03624997615814207,0.73
Credit_g,97,max,None,0.5,False,False,0.01,32,0.8296874761581421,0.834 +- 0.01,0.7124999761581421,0.73 +- 0.021,0.834,0.73,-0.004312523841857874,-0.017500023841857892,-0.017500023841857892,0.73
Credit_g,89,l2,avg,1.0,False,False,0.01,32,0.8656250238418579,0.859 +- 0.008,0.7250000238418579,0.73 +- 0.019,0.859,0.73,0.006625023841857924,-0.004999976158142072,-0.004999976158142072,0.73
Credit_g,169,var,loss,1.0,False,False,0.01,32,0.8312500119209291,0.835 +- 0.009,0.7375000119209291,0.727 +- 0.015,0.835,0.727,-0.0037499880790708984,0.010500011920929087,-0.0037499880790708984,0.727
Credit_g,185,var,avg,1.0,False,False,0.01,32,0.8453124761581421,0.849 +- 0.008,0.7437499761581421,0.727 +- 0.018,0.849,0.727,-0.003687523841857887,0.01674997615814211,-0.003687523841857887,0.727
Credit_g,98,max,None,0.5,False,False,0.01,64,0.8671875,0.856 +- 0.01,0.7250000238418579,0.726 +- 0.015,0.856,0.726,0.011187500000000017,-0.0009999761581420685,-0.0009999761581420685,0.726
Credit_g,145,var,None,0.5,False,False,0.01,32,0.8296874761581421,0.837 +- 0.008,0.71875,0.725 +- 0.02,0.837,0.725,-0.007312523841857876,-0.006249999999999978,-0.007312523841857876,0.725
Credit_g,58,l2,None,1.0,False,False,0.01,64,0.8312500119209291,0.831 +- 0.008,0.7312499880790709,0.724 +- 0.015,0.831,0.724,0.0002500119209291052,0.007249988079070957,0.0002500119209291052,0.724
Credit_g,90,l2,avg,1.0,False,False,0.01,64,0.8171874880790709,0.82 +- 0.008,0.7312499880790709,0.723 +- 0.015,0.82,0.723,-0.0028125119209290173,0.008249988079070958,-0.0028125119209290173,0.723
Credit_g,129,max,avg,0.5,False,False,0.01,32,0.8312500119209291,0.828 +- 0.009,0.7250000238418579,0.723 +- 0.02,0.828,0.723,0.003250011920929108,0.002000023841857934,0.002000023841857934,0.723
Credit_g,122,max,loss,1.0,False,False,0.01,64,0.8562499880790709,0.847 +- 0.01,0.7312499880790709,0.723 +- 0.019,0.847,0.723,0.009249988079070959,0.008249988079070958,0.008249988079070958,0.723
Credit_g,126,max,loss,1.0,False,True,0.01,64,0.9164818525314332,0.911 +- 0.007,0.7687500119209291,0.722 +- 0.021,0.911,0.722,0.0054818525314331845,0.04675001192092909,0.0054818525314331845,0.722
Credit_g,125,max,loss,1.0,False,True,0.01,32,0.9403730034828186,0.933 +- 0.006,0.7312499880790709,0.722 +- 0.024,0.933,0.722,0.007373003482818552,0.009249988079070959,0.007373003482818552,0.722
Credit_g,73,l2,loss,1.0,False,False,0.01,32,0.8343750238418579,0.832 +- 0.007,0.75,0.721 +- 0.014,0.832,0.721,0.0023750238418579483,0.029000000000000026,0.0023750238418579483,0.721
Credit_g,110,max,None,1.0,False,True,0.01,64,0.9431451559066772,0.935 +- 0.005,0.7250000238418579,0.721 +- 0.02,0.935,0.721,0.008145155906677193,0.004000023841857936,0.004000023841857936,0.721
Credit_g,137,max,avg,1.0,False,False,0.01,32,0.8734375238418579,0.858 +- 0.008,0.7312499880790709,0.721 +- 0.018,0.858,0.721,0.015437523841857925,0.01024998807907096,0.01024998807907096,0.721
Credit_g,53,l2,None,0.5,False,True,0.01,32,0.9034778475761414,0.899 +- 0.007,0.7250000238418579,0.72 +- 0.015,0.899,0.72,0.004477847576141336,0.005000023841857937,0.004477847576141336,0.72
Credit_g,113,max,loss,0.5,False,False,0.01,32,0.875,0.859 +- 0.01,0.7562500238418579,0.719 +- 0.02,0.859,0.719,0.016000000000000014,0.03725002384185794,0.016000000000000014,0.719
Credit_g,57,l2,None,1.0,False,False,0.01,32,0.8390625119209291,0.826 +- 0.007,0.7062500119209291,0.718 +- 0.014,0.826,0.718,0.01306251192092911,-0.011749988079070905,-0.011749988079070905,0.718
Credit_g,74,l2,loss,1.0,False,False,0.01,64,0.8500000238418579,0.848 +- 0.009,0.71875,0.718 +- 0.016,0.848,0.718,0.002000023841857934,0.0007500000000000284,0.0007500000000000284,0.718
Credit_g,65,l2,loss,0.5,False,False,0.01,32,0.8343750238418579,0.838 +- 0.009,0.699999988079071,0.717 +- 0.017,0.838,0.717,-0.003624976158142057,-0.017000011920928926,-0.017000011920928926,0.717
Credit_g,138,max,avg,1.0,False,False,0.01,64,0.9093750119209291,0.905 +- 0.009,0.7250000238418579,0.716 +- 0.016,0.905,0.716,0.0043750119209290395,0.00900002384185794,0.0043750119209290395,0.716
Credit_g,121,max,loss,1.0,False,False,0.01,32,0.8343750238418579,0.827 +- 0.008,0.7624999880790709,0.716 +- 0.019,0.827,0.716,0.007375023841857953,0.046499988079070964,0.007375023841857953,0.716
Credit_g,46,l1,avg,1.0,False,True,0.01,64,0.8325856924057007,0.83 +- 0.006,0.7124999761581421,0.715 +- 0.013,0.83,0.715,0.0025856924057007236,-0.002500023841857879,-0.002500023841857879,0.715
Credit_g,21,l1,loss,0.5,False,True,0.01,32,0.8924143314361572,0.89 +- 0.003,0.7250000238418579,0.715 +- 0.016,0.89,0.715,0.0024143314361572132,0.010000023841857941,0.0024143314361572132,0.715
Credit_g,166,var,loss,0.5,False,True,0.01,64,0.9227570295333862,0.917 +- 0.006,0.71875,0.715 +- 0.015,0.917,0.715,0.005757029533386193,0.003750000000000031,0.003750000000000031,0.715
Credit_g,49,l2,None,0.5,False,False,0.01,32,0.8171874880790709,0.822 +- 0.008,0.699999988079071,0.714 +- 0.016,0.822,0.714,-0.004812511920929019,-0.014000011920928923,-0.014000011920928923,0.714
Credit_g,174,var,loss,1.0,False,True,0.01,64,0.9100302457809448,0.905 +- 0.007,0.7062500119209291,0.714 +- 0.018,0.905,0.714,0.005030245780944798,-0.007749988079070902,-0.007749988079070902,0.714
Credit_g,158,var,None,1.0,False,True,0.01,64,0.9143145084381104,0.909 +- 0.006,0.699999988079071,0.713 +- 0.015,0.909,0.713,0.005314508438110321,-0.013000011920928922,-0.013000011920928922,0.713
Credit_g,162,var,loss,0.5,False,False,0.01,64,0.8609374761581421,0.846 +- 0.009,0.6937500238418579,0.712 +- 0.019,0.846,0.712,0.014937476158142116,-0.018249976158142056,-0.018249976158142056,0.712
Credit_g,170,var,loss,1.0,False,False,0.01,64,0.8500000238418579,0.839 +- 0.009,0.7124999761581421,0.712 +- 0.017,0.839,0.712,0.011000023841857942,0.0004999761581421236,0.0004999761581421236,0.712
Credit_g,141,max,avg,1.0,False,True,0.01,32,0.9407005906105042,0.934 +- 0.006,0.6875,0.71 +- 0.018,0.934,0.71,0.006700590610504098,-0.022499999999999964,-0.022499999999999964,0.71
Credit_g,102,max,None,0.5,False,True,0.01,64,0.9234123229980468,0.917 +- 0.006,0.7312499880790709,0.71 +- 0.019,0.917,0.71,0.006412322998046727,0.02124998807907097,0.006412322998046727,0.71
Credit_g,182,var,avg,0.5,False,True,0.01,64,0.9136340618133544,0.909 +- 0.006,0.699999988079071,0.709 +- 0.018,0.909,0.709,0.004634061813354351,-0.009000011920928919,-0.009000011920928919,0.709
Credit_g,13,l1,None,1.0,False,True,0.01,32,0.8288558721542358,0.826 +- 0.005,0.7124999761581421,0.709 +- 0.014,0.826,0.709,0.0028558721542358834,0.0034999761581421263,0.0028558721542358834,0.709
Credit_g,146,var,None,0.5,False,False,0.01,64,0.8328124880790709,0.829 +- 0.009,0.7062500119209291,0.708 +- 0.018,0.829,0.708,0.0038124880790709748,-0.0017499880790708966,-0.0017499880790708966,0.708
Credit_g,134,max,avg,0.5,False,True,0.01,64,0.9063507914543152,0.901 +- 0.006,0.7062500119209291,0.707 +- 0.018,0.901,0.707,0.0053507914543151625,-0.0007499880790708957,-0.0007499880790708957,0.707
Credit_g,178,var,avg,0.5,False,False,0.01,64,0.8703125119209291,0.86 +- 0.008,0.7124999761581421,0.707 +- 0.013,0.86,0.707,0.01031251192092908,0.005499976158142128,0.005499976158142128,0.707
Credit_g,54,l2,None,0.5,False,True,0.01,64,0.909526228904724,0.903 +- 0.007,0.7250000238418579,0.707 +- 0.016,0.903,0.707,0.006526228904723985,0.01800002384185795,0.006526228904723985,0.707
Credit_g,133,max,avg,0.5,False,True,0.01,32,0.9355594515800476,0.929 +- 0.006,0.6625000238418579,0.706 +- 0.021,0.929,0.706,0.0065594515800475595,-0.04349997615814205,-0.04349997615814205,0.706
Credit_g,94,l2,avg,1.0,False,True,0.01,64,0.9063255786895752,0.9 +- 0.007,0.7062500119209291,0.706 +- 0.015,0.9,0.706,0.006325578689575173,0.0002500119209291052,0.0002500119209291052,0.706
Credit_g,22,l1,loss,0.5,False,True,0.01,64,0.8894909024238586,0.887 +- 0.003,0.7312499880790709,0.706 +- 0.014,0.887,0.706,0.002490902423858632,0.025249988079070973,0.002490902423858632,0.706
Credit_g,66,l2,loss,0.5,False,False,0.01,64,0.8171874880790709,0.806 +- 0.008,0.7124999761581421,0.706 +- 0.022,0.806,0.706,0.011187488079070884,0.006499976158142129,0.006499976158142129,0.706
Credit_g,118,max,loss,0.5,False,True,0.01,64,0.9428175687789916,0.935 +- 0.007,0.71875,0.706 +- 0.019,0.935,0.706,0.007817568778991535,0.012750000000000039,0.007817568778991535,0.706
Credit_g,190,var,avg,1.0,False,True,0.01,64,0.9103830456733704,0.906 +- 0.005,0.7062500119209291,0.705 +- 0.018,0.906,0.705,0.004383045673370334,0.001250011920929106,0.001250011920929106,0.705
Credit_g,189,var,avg,1.0,False,True,0.01,32,0.9030494093894958,0.899 +- 0.005,0.6937500238418579,0.704 +- 0.016,0.899,0.704,0.004049409389495828,-0.010249976158142049,-0.010249976158142049,0.704
Credit_g,38,l1,avg,0.5,False,True,0.01,64,0.8569304347038269,0.853 +- 0.008,0.7062500119209291,0.704 +- 0.011,0.853,0.704,0.003930434703826924,0.002250011920929107,0.002250011920929107,0.704
Credit_g,109,max,None,1.0,False,True,0.01,32,0.9411038160324096,0.934 +- 0.005,0.7375000119209291,0.704 +- 0.019,0.934,0.704,0.0071038160324095045,0.03350001192092911,0.0071038160324095045,0.704
Credit_g,78,l2,loss,1.0,False,True,0.01,64,0.8884576559066772,0.883 +- 0.008,0.7312499880790709,0.703 +- 0.014,0.883,0.703,0.005457655906677239,0.028249988079070976,0.005457655906677239,0.703
Credit_g,61,l2,None,1.0,False,True,0.01,32,0.9054435491561891,0.899 +- 0.007,0.7124999761581421,0.703 +- 0.015,0.899,0.703,0.0064435491561890545,0.009499976158142132,0.0064435491561890545,0.703
Credit_g,69,l2,loss,0.5,False,True,0.01,32,0.9190019965171814,0.915 +- 0.004,0.7062500119209291,0.702 +- 0.018,0.915,0.702,0.004001996517181361,0.004250011920929109,0.004001996517181361,0.702
Credit_g,154,var,None,1.0,False,False,0.01,64,0.8390625119209291,0.835 +- 0.009,0.71875,0.702 +- 0.017,0.835,0.702,0.004062511920929102,0.016750000000000043,0.004062511920929102,0.702
Credit_g,86,l2,avg,0.5,False,True,0.01,64,0.9052167534828186,0.9 +- 0.007,0.668749988079071,0.701 +- 0.018,0.9,0.701,0.005216753482818581,-0.03225001192092891,-0.03225001192092891,0.701
Credit_g,82,l2,avg,0.5,False,False,0.01,64,0.8453124761581421,0.839 +- 0.009,0.675000011920929,0.701 +- 0.017,0.839,0.701,0.006312476158142122,-0.025999988079071,-0.025999988079071,0.701
Credit_g,93,l2,avg,1.0,False,True,0.01,32,0.8824848532676697,0.878 +- 0.007,0.6812499761581421,0.701 +- 0.015,0.878,0.701,0.004484853267669675,-0.019750023841857867,-0.019750023841857867,0.701
Credit_g,149,var,None,0.5,False,True,0.01,32,0.9131300449371338,0.908 +- 0.006,0.6937500238418579,0.701 +- 0.019,0.908,0.701,0.00513004493713376,-0.007249976158142046,-0.007249976158142046,0.701
Credit_g,181,var,avg,0.5,False,True,0.01,32,0.9096774458885192,0.904 +- 0.006,0.7062500119209291,0.701 +- 0.017,0.904,0.701,0.00567744588851915,0.00525001192092911,0.00525001192092911,0.701
Credit_g,117,max,loss,0.5,False,True,0.01,32,0.9419102668762208,0.935 +- 0.007,0.71875,0.701 +- 0.017,0.935,0.701,0.006910266876220761,0.017750000000000044,0.006910266876220761,0.701
Credit_g,101,max,None,0.5,False,True,0.01,32,0.9404485821723938,0.933 +- 0.006,0.71875,0.7 +- 0.019,0.933,0.7,0.007448582172393747,0.018750000000000044,0.007448582172393747,0.7
Credit_g,150,var,None,0.5,False,True,0.01,64,0.9074092507362366,0.903 +- 0.005,0.6812499761581421,0.699 +- 0.016,0.903,0.699,0.004409250736236547,-0.017750023841857865,-0.017750023841857865,0.699
Credit_g,29,l1,loss,1.0,False,True,0.01,32,0.8310987949371338,0.829 +- 0.005,0.6937500238418579,0.699 +- 0.013,0.829,0.699,0.00209879493713383,-0.0052499761581420445,-0.0052499761581420445,0.699
Credit_g,70,l2,loss,0.5,False,True,0.01,64,0.9110887050628662,0.905 +- 0.007,0.6812499761581421,0.697 +- 0.017,0.905,0.697,0.006088705062866184,-0.015750023841857863,-0.015750023841857863,0.697
Credit_g,161,var,loss,0.5,False,False,0.01,32,0.8234375119209291,0.821 +- 0.009,0.6875,0.697 +- 0.016,0.821,0.697,0.002437511920929114,-0.009499999999999953,-0.009499999999999953,0.697
Credit_g,157,var,None,1.0,False,True,0.01,32,0.9012348651885986,0.897 +- 0.006,0.6937500238418579,0.697 +- 0.02,0.897,0.697,0.004234865188598613,-0.0032499761581420428,-0.0032499761581420428,0.697
Credit_g,142,max,avg,1.0,False,True,0.01,64,0.9463961720466614,0.94 +- 0.006,0.699999988079071,0.697 +- 0.017,0.94,0.697,0.00639617204666143,0.002999988079071092,0.002999988079071092,0.697
Credit_g,62,l2,None,1.0,False,True,0.01,64,0.8996723890304565,0.894 +- 0.007,0.7124999761581421,0.697 +- 0.017,0.894,0.697,0.005672389030456526,0.015499976158142137,0.005672389030456526,0.697
Credit_g,153,var,None,1.0,False,False,0.01,32,0.8218749761581421,0.81 +- 0.009,0.7124999761581421,0.697 +- 0.017,0.81,0.697,0.011874976158142037,0.015499976158142137,0.011874976158142037,0.697
Credit_g,186,var,avg,1.0,False,False,0.01,64,0.8296874761581421,0.824 +- 0.007,0.675000011920929,0.696 +- 0.016,0.824,0.696,0.005687476158142135,-0.020999988079070997,-0.020999988079070997,0.696
Credit_g,165,var,loss,0.5,False,True,0.01,32,0.9071320295333862,0.902 +- 0.007,0.699999988079071,0.696 +- 0.017,0.902,0.696,0.0051320295333862065,0.003999988079071093,0.003999988079071093,0.696
Credit_g,85,l2,avg,0.5,False,True,0.01,32,0.9015372991561891,0.897 +- 0.007,0.6937500238418579,0.693 +- 0.014,0.897,0.693,0.004537299156189056,0.0007500238418579608,0.0007500238418579608,0.693
Credit_g,77,l2,loss,1.0,False,True,0.01,32,0.8933971524238586,0.888 +- 0.007,0.675000011920929,0.691 +- 0.012,0.888,0.691,0.005397152423858631,-0.015999988079070993,-0.015999988079070993,0.691
Credit_g,173,var,loss,1.0,False,True,0.01,32,0.8894909024238586,0.886 +- 0.006,0.675000011920929,0.69 +- 0.017,0.886,0.69,0.003490902423858633,-0.014999988079070992,-0.014999988079070992,0.69
Credit_g,99,max,None,0.5,False,False,0.1,32,0.7281249761581421,0.727 +- 0.01,0.65625,0.678 +- 0.025,0.727,0.678,0.0011249761581421103,-0.021750000000000047,-0.021750000000000047,0.678
Credit_g,131,max,avg,0.5,False,False,0.1,32,0.7375000119209291,0.726 +- 0.011,0.6875,0.67 +- 0.024,0.726,0.67,0.011500011920929087,0.01749999999999996,0.011500011920929087,0.67
Credit_g,18,l1,loss,0.5,False,False,0.01,64,0.7312499880790709,0.731 +- 0.003,0.65625,0.665 +- 0.005,0.731,0.665,0.0002499880790709508,-0.008750000000000036,-0.008750000000000036,0.665
Credit_g,132,max,avg,0.5,False,False,0.1,64,0.7234374880790709,0.721 +- 0.003,0.65625,0.657 +- 0.005,0.721,0.657,0.0024374880790709597,-0.0007500000000000284,-0.0007500000000000284,0.657
Credit_g,1,l1,None,0.5,False,False,0.01,32,0.7203124761581421,0.72 +- 0.0,0.65625,0.656 +- 0.0,0.72,0.656,0.0003124761581421165,0.00024999999999997247,0.00024999999999997247,0.656
Credit_g,2,l1,None,0.5,False,False,0.01,64,0.7203124761581421,0.72 +- 0.0,0.65625,0.656 +- 0.0,0.72,0.656,0.0003124761581421165,0.00024999999999997247,0.00024999999999997247,0.656
Credit_g,3,l1,None,0.5,False,False,0.1,32,0.7203124761581421,0.72 +- 0.0,0.65625,0.656 +- 0.0,0.72,0.656,0.0003124761581421165,0.00024999999999997247,0.00024999999999997247,0.656
Credit_g,4,l1,None,0.5,False,False,0.1,64,0.7203124761581421,0.72 +- 0.0,0.65625,0.656 +- 0.0,0.72,0.656,0.0003124761581421165,0.00024999999999997247,0.00024999999999997247,0.656
Credit_g,5,l1,None,0.5,False,True,0.01,32,0.7203124761581421,0.72 +- 0.0,0.65625,0.656 +- 0.0,0.72,0.656,0.0003124761581421165,0.00024999999999997247,0.00024999999999997247,0.656
Credit_g,6,l1,None,0.5,False,True,0.01,64,0.7203124761581421,0.72 +- 0.0,0.65625,0.656 +- 0.0,0.72,0.656,0.0003124761581421165,0.00024999999999997247,0.00024999999999997247,0.656
Credit_g,7,l1,None,0.5,False,True,0.1,32,0.7203124761581421,0.72 +- 0.0,0.65625,0.656 +- 0.0,0.72,0.656,0.0003124761581421165,0.00024999999999997247,0.00024999999999997247,0.656
Credit_g,8,l1,None,0.5,False,True,0.1,64,0.7203124761581421,0.72 +- 0.0,0.65625,0.656 +- 0.0,0.72,0.656,0.0003124761581421165,0.00024999999999997247,0.00024999999999997247,0.656
Credit_g,9,l1,None,1.0,False,False,0.01,32,0.7203124761581421,0.72 +- 0.0,0.65625,0.656 +- 0.0,0.72,0.656,0.0003124761581421165,0.00024999999999997247,0.00024999999999997247,0.656
Credit_g,10,l1,None,1.0,False,False,0.01,64,0.7203124761581421,0.72 +- 0.0,0.65625,0.656 +- 0.0,0.72,0.656,0.0003124761581421165,0.00024999999999997247,0.00024999999999997247,0.656
Credit_g,11,l1,None,1.0,False,False,0.1,32,0.7203124761581421,0.72 +- 0.0,0.65625,0.656 +- 0.0,0.72,0.656,0.0003124761581421165,0.00024999999999997247,0.00024999999999997247,0.656
Credit_g,12,l1,None,1.0,False,False,0.1,64,0.7203124761581421,0.72 +- 0.0,0.65625,0.656 +- 0.0,0.72,0.656,0.0003124761581421165,0.00024999999999997247,0.00024999999999997247,0.656
Credit_g,14,l1,None,1.0,False,True,0.01,64,0.7203124761581421,0.72 +- 0.0,0.65625,0.656 +- 0.0,0.72,0.656,0.0003124761581421165,0.00024999999999997247,0.00024999999999997247,0.656
Credit_g,15,l1,None,1.0,False,True,0.1,32,0.7203124761581421,0.72 +- 0.0,0.65625,0.656 +- 0.0,0.72,0.656,0.0003124761581421165,0.00024999999999997247,0.00024999999999997247,0.656
Credit_g,16,l1,None,1.0,False,True,0.1,64,0.7203124761581421,0.72 +- 0.0,0.65625,0.656 +- 0.0,0.72,0.656,0.0003124761581421165,0.00024999999999997247,0.00024999999999997247,0.656
Credit_g,17,l1,loss,0.5,False,False,0.01,32,0.7203124761581421,0.72 +- 0.0,0.65625,0.656 +- 0.0,0.72,0.656,0.0003124761581421165,0.00024999999999997247,0.00024999999999997247,0.656
Credit_g,19,l1,loss,0.5,False,False,0.1,32,0.7203124761581421,0.72 +- 0.0,0.65625,0.656 +- 0.0,0.72,0.656,0.0003124761581421165,0.00024999999999997247,0.00024999999999997247,0.656
Credit_g,20,l1,loss,0.5,False,False,0.1,64,0.7203124761581421,0.72 +- 0.0,0.65625,0.656 +- 0.0,0.72,0.656,0.0003124761581421165,0.00024999999999997247,0.00024999999999997247,0.656
Credit_g,23,l1,loss,0.5,False,True,0.1,32,0.7203124761581421,0.72 +- 0.0,0.65625,0.656 +- 0.0,0.72,0.656,0.0003124761581421165,0.00024999999999997247,0.00024999999999997247,0.656
Credit_g,24,l1,loss,0.5,False,True,0.1,64,0.7203124761581421,0.72 +- 0.0,0.65625,0.656 +- 0.0,0.72,0.656,0.0003124761581421165,0.00024999999999997247,0.00024999999999997247,0.656
Credit_g,25,l1,loss,1.0,False,False,0.01,32,0.7203124761581421,0.72 +- 0.0,0.65625,0.656 +- 0.0,0.72,0.656,0.0003124761581421165,0.00024999999999997247,0.00024999999999997247,0.656
Credit_g,26,l1,loss,1.0,False,False,0.01,64,0.7203124761581421,0.72 +- 0.0,0.65625,0.656 +- 0.0,0.72,0.656,0.0003124761581421165,0.00024999999999997247,0.00024999999999997247,0.656
Credit_g,27,l1,loss,1.0,False,False,0.1,32,0.7203124761581421,0.72 +- 0.0,0.65625,0.656 +- 0.0,0.72,0.656,0.0003124761581421165,0.00024999999999997247,0.00024999999999997247,0.656
Credit_g,28,l1,loss,1.0,False,False,0.1,64,0.7203124761581421,0.72 +- 0.0,0.65625,0.656 +- 0.0,0.72,0.656,0.0003124761581421165,0.00024999999999997247,0.00024999999999997247,0.656
Credit_g,30,l1,loss,1.0,False,True,0.01,64,0.7203124761581421,0.72 +- 0.0,0.65625,0.656 +- 0.0,0.72,0.656,0.0003124761581421165,0.00024999999999997247,0.00024999999999997247,0.656
Credit_g,31,l1,loss,1.0,False,True,0.1,32,0.7203124761581421,0.72 +- 0.0,0.65625,0.656 +- 0.0,0.72,0.656,0.0003124761581421165,0.00024999999999997247,0.00024999999999997247,0.656
Credit_g,32,l1,loss,1.0,False,True,0.1,64,0.7203124761581421,0.72 +- 0.0,0.65625,0.656 +- 0.0,0.72,0.656,0.0003124761581421165,0.00024999999999997247,0.00024999999999997247,0.656
Credit_g,33,l1,avg,0.5,False,False,0.01,32,0.7203124761581421,0.72 +- 0.0,0.65625,0.656 +- 0.0,0.72,0.656,0.0003124761581421165,0.00024999999999997247,0.00024999999999997247,0.656
Credit_g,34,l1,avg,0.5,False,False,0.01,64,0.7203124761581421,0.72 +- 0.0,0.65625,0.656 +- 0.0,0.72,0.656,0.0003124761581421165,0.00024999999999997247,0.00024999999999997247,0.656
Credit_g,35,l1,avg,0.5,False,False,0.1,32,0.7203124761581421,0.72 +- 0.0,0.65625,0.656 +- 0.0,0.72,0.656,0.0003124761581421165,0.00024999999999997247,0.00024999999999997247,0.656
Credit_g,36,l1,avg,0.5,False,False,0.1,64,0.7203124761581421,0.72 +- 0.0,0.65625,0.656 +- 0.0,0.72,0.656,0.0003124761581421165,0.00024999999999997247,0.00024999999999997247,0.656
Credit_g,37,l1,avg,0.5,False,True,0.01,32,0.7203124761581421,0.72 +- 0.0,0.65625,0.656 +- 0.0,0.72,0.656,0.0003124761581421165,0.00024999999999997247,0.00024999999999997247,0.656
Credit_g,39,l1,avg,0.5,False,True,0.1,32,0.7203124761581421,0.72 +- 0.0,0.65625,0.656 +- 0.0,0.72,0.656,0.0003124761581421165,0.00024999999999997247,0.00024999999999997247,0.656
Credit_g,40,l1,avg,0.5,False,True,0.1,64,0.7203124761581421,0.72 +- 0.0,0.65625,0.656 +- 0.0,0.72,0.656,0.0003124761581421165,0.00024999999999997247,0.00024999999999997247,0.656
Credit_g,41,l1,avg,1.0,False,False,0.01,32,0.7203124761581421,0.72 +- 0.0,0.65625,0.656 +- 0.0,0.72,0.656,0.0003124761581421165,0.00024999999999997247,0.00024999999999997247,0.656
Credit_g,42,l1,avg,1.0,False,False,0.01,64,0.7203124761581421,0.72 +- 0.0,0.65625,0.656 +- 0.0,0.72,0.656,0.0003124761581421165,0.00024999999999997247,0.00024999999999997247,0.656
Credit_g,43,l1,avg,1.0,False,False,0.1,32,0.7203124761581421,0.72 +- 0.0,0.65625,0.656 +- 0.0,0.72,0.656,0.0003124761581421165,0.00024999999999997247,0.00024999999999997247,0.656
Credit_g,44,l1,avg,1.0,False,False,0.1,64,0.7203124761581421,0.72 +- 0.0,0.65625,0.656 +- 0.0,0.72,0.656,0.0003124761581421165,0.00024999999999997247,0.00024999999999997247,0.656
Credit_g,45,l1,avg,1.0,False,True,0.01,32,0.7203124761581421,0.72 +- 0.0,0.65625,0.656 +- 0.0,0.72,0.656,0.0003124761581421165,0.00024999999999997247,0.00024999999999997247,0.656
Credit_g,47,l1,avg,1.0,False,True,0.1,32,0.7203124761581421,0.72 +- 0.0,0.65625,0.656 +- 0.0,0.72,0.656,0.0003124761581421165,0.00024999999999997247,0.00024999999999997247,0.656
Credit_g,48,l1,avg,1.0,False,True,0.1,64,0.7203124761581421,0.72 +- 0.0,0.65625,0.656 +- 0.0,0.72,0.656,0.0003124761581421165,0.00024999999999997247,0.00024999999999997247,0.656
Credit_g,51,l2,None,0.5,False,False,0.1,32,0.7203124761581421,0.72 +- 0.0,0.65625,0.656 +- 0.0,0.72,0.656,0.0003124761581421165,0.00024999999999997247,0.00024999999999997247,0.656
Credit_g,52,l2,None,0.5,False,False,0.1,64,0.7203124761581421,0.72 +- 0.0,0.65625,0.656 +- 0.0,0.72,0.656,0.0003124761581421165,0.00024999999999997247,0.00024999999999997247,0.656
Credit_g,55,l2,None,0.5,False,True,0.1,32,0.7203124761581421,0.72 +- 0.0,0.65625,0.656 +- 0.0,0.72,0.656,0.0003124761581421165,0.00024999999999997247,0.00024999999999997247,0.656
Credit_g,56,l2,None,0.5,False,True,0.1,64,0.7203124761581421,0.72 +- 0.0,0.65625,0.656 +- 0.0,0.72,0.656,0.0003124761581421165,0.00024999999999997247,0.00024999999999997247,0.656
Credit_g,59,l2,None,1.0,False,False,0.1,32,0.7203124761581421,0.72 +- 0.0,0.65625,0.656 +- 0.0,0.72,0.656,0.0003124761581421165,0.00024999999999997247,0.00024999999999997247,0.656
Credit_g,60,l2,None,1.0,False,False,0.1,64,0.7203124761581421,0.72 +- 0.0,0.65625,0.656 +- 0.0,0.72,0.656,0.0003124761581421165,0.00024999999999997247,0.00024999999999997247,0.656
Credit_g,63,l2,None,1.0,False,True,0.1,32,0.7203124761581421,0.72 +- 0.0,0.65625,0.656 +- 0.0,0.72,0.656,0.0003124761581421165,0.00024999999999997247,0.00024999999999997247,0.656
Credit_g,64,l2,None,1.0,False,True,0.1,64,0.7203124761581421,0.72 +- 0.0,0.65625,0.656 +- 0.0,0.72,0.656,0.0003124761581421165,0.00024999999999997247,0.00024999999999997247,0.656
Credit_g,67,l2,loss,0.5,False,False,0.1,32,0.7203124761581421,0.72 +- 0.0,0.65625,0.656 +- 0.0,0.72,0.656,0.0003124761581421165,0.00024999999999997247,0.00024999999999997247,0.656
Credit_g,68,l2,loss,0.5,False,False,0.1,64,0.7203124761581421,0.72 +- 0.0,0.65625,0.656 +- 0.001,0.72,0.656,0.0003124761581421165,0.00024999999999997247,0.00024999999999997247,0.656
Credit_g,71,l2,loss,0.5,False,True,0.1,32,0.7203124761581421,0.72 +- 0.0,0.65625,0.656 +- 0.0,0.72,0.656,0.0003124761581421165,0.00024999999999997247,0.00024999999999997247,0.656
Credit_g,72,l2,loss,0.5,False,True,0.1,64,0.7203124761581421,0.72 +- 0.0,0.65625,0.656 +- 0.0,0.72,0.656,0.0003124761581421165,0.00024999999999997247,0.00024999999999997247,0.656
Credit_g,75,l2,loss,1.0,False,False,0.1,32,0.7203124761581421,0.72 +- 0.0,0.65625,0.656 +- 0.0,0.72,0.656,0.0003124761581421165,0.00024999999999997247,0.00024999999999997247,0.656
Credit_g,76,l2,loss,1.0,False,False,0.1,64,0.7203124761581421,0.72 +- 0.0,0.65625,0.656 +- 0.0,0.72,0.656,0.0003124761581421165,0.00024999999999997247,0.00024999999999997247,0.656
Credit_g,79,l2,loss,1.0,False,True,0.1,32,0.7203124761581421,0.72 +- 0.0,0.65625,0.656 +- 0.0,0.72,0.656,0.0003124761581421165,0.00024999999999997247,0.00024999999999997247,0.656
Credit_g,80,l2,loss,1.0,False,True,0.1,64,0.7203124761581421,0.72 +- 0.0,0.65625,0.656 +- 0.0,0.72,0.656,0.0003124761581421165,0.00024999999999997247,0.00024999999999997247,0.656
Credit_g,83,l2,avg,0.5,False,False,0.1,32,0.7203124761581421,0.72 +- 0.0,0.65625,0.656 +- 0.0,0.72,0.656,0.0003124761581421165,0.00024999999999997247,0.00024999999999997247,0.656
Credit_g,84,l2,avg,0.5,False,False,0.1,64,0.7203124761581421,0.72 +- 0.0,0.65625,0.656 +- 0.0,0.72,0.656,0.0003124761581421165,0.00024999999999997247,0.00024999999999997247,0.656
Credit_g,87,l2,avg,0.5,False,True,0.1,32,0.7203124761581421,0.72 +- 0.0,0.65625,0.656 +- 0.0,0.72,0.656,0.0003124761581421165,0.00024999999999997247,0.00024999999999997247,0.656
Credit_g,88,l2,avg,0.5,False,True,0.1,64,0.7203124761581421,0.72 +- 0.0,0.65625,0.656 +- 0.0,0.72,0.656,0.0003124761581421165,0.00024999999999997247,0.00024999999999997247,0.656
Credit_g,91,l2,avg,1.0,False,False,0.1,32,0.7203124761581421,0.72 +- 0.0,0.65625,0.656 +- 0.0,0.72,0.656,0.0003124761581421165,0.00024999999999997247,0.00024999999999997247,0.656
Credit_g,92,l2,avg,1.0,False,False,0.1,64,0.7203124761581421,0.72 +- 0.0,0.65625,0.656 +- 0.0,0.72,0.656,0.0003124761581421165,0.00024999999999997247,0.00024999999999997247,0.656
Credit_g,95,l2,avg,1.0,False,True,0.1,32,0.7203124761581421,0.72 +- 0.0,0.65625,0.656 +- 0.0,0.72,0.656,0.0003124761581421165,0.00024999999999997247,0.00024999999999997247,0.656
Credit_g,96,l2,avg,1.0,False,True,0.1,64,0.7203124761581421,0.72 +- 0.0,0.65625,0.656 +- 0.0,0.72,0.656,0.0003124761581421165,0.00024999999999997247,0.00024999999999997247,0.656
Credit_g,100,max,None,0.5,False,False,0.1,64,0.7203124761581421,0.72 +- 0.0,0.65625,0.656 +- 0.0,0.72,0.656,0.0003124761581421165,0.00024999999999997247,0.00024999999999997247,0.656
Credit_g,103,max,None,0.5,False,True,0.1,32,0.7203124761581421,0.72 +- 0.0,0.65625,0.656 +- 0.0,0.72,0.656,0.0003124761581421165,0.00024999999999997247,0.00024999999999997247,0.656
Credit_g,104,max,None,0.5,False,True,0.1,64,0.7203124761581421,0.72 +- 0.0,0.65625,0.656 +- 0.0,0.72,0.656,0.0003124761581421165,0.00024999999999997247,0.00024999999999997247,0.656
Credit_g,107,max,None,1.0,False,False,0.1,32,0.7203124761581421,0.72 +- 0.0,0.65625,0.656 +- 0.0,0.72,0.656,0.0003124761581421165,0.00024999999999997247,0.00024999999999997247,0.656
Credit_g,108,max,None,1.0,False,False,0.1,64,0.7203124761581421,0.72 +- 0.0,0.65625,0.656 +- 0.0,0.72,0.656,0.0003124761581421165,0.00024999999999997247,0.00024999999999997247,0.656
Credit_g,111,max,None,1.0,False,True,0.1,32,0.7203124761581421,0.72 +- 0.0,0.65625,0.656 +- 0.0,0.72,0.656,0.0003124761581421165,0.00024999999999997247,0.00024999999999997247,0.656
Credit_g,112,max,None,1.0,False,True,0.1,64,0.7203124761581421,0.72 +- 0.0,0.65625,0.656 +- 0.0,0.72,0.656,0.0003124761581421165,0.00024999999999997247,0.00024999999999997247,0.656
Credit_g,115,max,loss,0.5,False,False,0.1,32,0.7203124761581421,0.72 +- 0.0,0.65625,0.656 +- 0.0,0.72,0.656,0.0003124761581421165,0.00024999999999997247,0.00024999999999997247,0.656
Credit_g,116,max,loss,0.5,False,False,0.1,64,0.7203124761581421,0.72 +- 0.0,0.65625,0.656 +- 0.0,0.72,0.656,0.0003124761581421165,0.00024999999999997247,0.00024999999999997247,0.656
Credit_g,119,max,loss,0.5,False,True,0.1,32,0.7203124761581421,0.72 +- 0.0,0.65625,0.656 +- 0.0,0.72,0.656,0.0003124761581421165,0.00024999999999997247,0.00024999999999997247,0.656
Credit_g,120,max,loss,0.5,False,True,0.1,64,0.7203124761581421,0.72 +- 0.0,0.65625,0.656 +- 0.0,0.72,0.656,0.0003124761581421165,0.00024999999999997247,0.00024999999999997247,0.656
Credit_g,123,max,loss,1.0,False,False,0.1,32,0.7203124761581421,0.72 +- 0.0,0.65625,0.656 +- 0.0,0.72,0.656,0.0003124761581421165,0.00024999999999997247,0.00024999999999997247,0.656
Credit_g,124,max,loss,1.0,False,False,0.1,64,0.7203124761581421,0.72 +- 0.0,0.65625,0.656 +- 0.0,0.72,0.656,0.0003124761581421165,0.00024999999999997247,0.00024999999999997247,0.656
Credit_g,127,max,loss,1.0,False,True,0.1,32,0.7203124761581421,0.72 +- 0.0,0.65625,0.656 +- 0.0,0.72,0.656,0.0003124761581421165,0.00024999999999997247,0.00024999999999997247,0.656
Credit_g,128,max,loss,1.0,False,True,0.1,64,0.7203124761581421,0.72 +- 0.0,0.65625,0.656 +- 0.0,0.72,0.656,0.0003124761581421165,0.00024999999999997247,0.00024999999999997247,0.656
Credit_g,135,max,avg,0.5,False,True,0.1,32,0.7203124761581421,0.72 +- 0.0,0.65625,0.656 +- 0.0,0.72,0.656,0.0003124761581421165,0.00024999999999997247,0.00024999999999997247,0.656
Credit_g,136,max,avg,0.5,False,True,0.1,64,0.7203124761581421,0.72 +- 0.0,0.65625,0.656 +- 0.0,0.72,0.656,0.0003124761581421165,0.00024999999999997247,0.00024999999999997247,0.656
Credit_g,139,max,avg,1.0,False,False,0.1,32,0.7203124761581421,0.72 +- 0.0,0.65625,0.656 +- 0.0,0.72,0.656,0.0003124761581421165,0.00024999999999997247,0.00024999999999997247,0.656
Credit_g,140,max,avg,1.0,False,False,0.1,64,0.7203124761581421,0.72 +- 0.0,0.65625,0.656 +- 0.0,0.72,0.656,0.0003124761581421165,0.00024999999999997247,0.00024999999999997247,0.656
Credit_g,143,max,avg,1.0,False,True,0.1,32,0.7203124761581421,0.72 +- 0.0,0.65625,0.656 +- 0.0,0.72,0.656,0.0003124761581421165,0.00024999999999997247,0.00024999999999997247,0.656
Credit_g,144,max,avg,1.0,False,True,0.1,64,0.7203124761581421,0.72 +- 0.0,0.65625,0.656 +- 0.0,0.72,0.656,0.0003124761581421165,0.00024999999999997247,0.00024999999999997247,0.656
Credit_g,147,var,None,0.5,False,False,0.1,32,0.7203124761581421,0.72 +- 0.0,0.65625,0.656 +- 0.0,0.72,0.656,0.0003124761581421165,0.00024999999999997247,0.00024999999999997247,0.656
Credit_g,148,var,None,0.5,False,False,0.1,64,0.7203124761581421,0.72 +- 0.0,0.65625,0.656 +- 0.0,0.72,0.656,0.0003124761581421165,0.00024999999999997247,0.00024999999999997247,0.656
Credit_g,151,var,None,0.5,False,True,0.1,32,0.7203124761581421,0.72 +- 0.0,0.65625,0.656 +- 0.0,0.72,0.656,0.0003124761581421165,0.00024999999999997247,0.00024999999999997247,0.656
Credit_g,152,var,None,0.5,False,True,0.1,64,0.7203124761581421,0.72 +- 0.0,0.65625,0.656 +- 0.0,0.72,0.656,0.0003124761581421165,0.00024999999999997247,0.00024999999999997247,0.656
Credit_g,155,var,None,1.0,False,False,0.1,32,0.7203124761581421,0.72 +- 0.0,0.65625,0.656 +- 0.0,0.72,0.656,0.0003124761581421165,0.00024999999999997247,0.00024999999999997247,0.656
Credit_g,156,var,None,1.0,False,False,0.1,64,0.7203124761581421,0.72 +- 0.0,0.65625,0.656 +- 0.0,0.72,0.656,0.0003124761581421165,0.00024999999999997247,0.00024999999999997247,0.656
Credit_g,159,var,None,1.0,False,True,0.1,32,0.7203124761581421,0.72 +- 0.0,0.65625,0.656 +- 0.0,0.72,0.656,0.0003124761581421165,0.00024999999999997247,0.00024999999999997247,0.656
Credit_g,160,var,None,1.0,False,True,0.1,64,0.7203124761581421,0.72 +- 0.0,0.65625,0.656 +- 0.0,0.72,0.656,0.0003124761581421165,0.00024999999999997247,0.00024999999999997247,0.656
Credit_g,163,var,loss,0.5,False,False,0.1,32,0.7203124761581421,0.72 +- 0.0,0.65625,0.656 +- 0.0,0.72,0.656,0.0003124761581421165,0.00024999999999997247,0.00024999999999997247,0.656
Credit_g,164,var,loss,0.5,False,False,0.1,64,0.7203124761581421,0.72 +- 0.0,0.65625,0.656 +- 0.0,0.72,0.656,0.0003124761581421165,0.00024999999999997247,0.00024999999999997247,0.656
Credit_g,167,var,loss,0.5,False,True,0.1,32,0.7203124761581421,0.72 +- 0.0,0.65625,0.656 +- 0.0,0.72,0.656,0.0003124761581421165,0.00024999999999997247,0.00024999999999997247,0.656
Credit_g,168,var,loss,0.5,False,True,0.1,64,0.7203124761581421,0.72 +- 0.0,0.65625,0.656 +- 0.0,0.72,0.656,0.0003124761581421165,0.00024999999999997247,0.00024999999999997247,0.656
Credit_g,171,var,loss,1.0,False,False,0.1,32,0.7203124761581421,0.72 +- 0.0,0.65625,0.656 +- 0.0,0.72,0.656,0.0003124761581421165,0.00024999999999997247,0.00024999999999997247,0.656
Credit_g,172,var,loss,1.0,False,False,0.1,64,0.7203124761581421,0.72 +- 0.0,0.65625,0.656 +- 0.0,0.72,0.656,0.0003124761581421165,0.00024999999999997247,0.00024999999999997247,0.656
Credit_g,175,var,loss,1.0,False,True,0.1,32,0.7203124761581421,0.72 +- 0.0,0.65625,0.656 +- 0.0,0.72,0.656,0.0003124761581421165,0.00024999999999997247,0.00024999999999997247,0.656
Credit_g,176,var,loss,1.0,False,True,0.1,64,0.7203124761581421,0.72 +- 0.0,0.65625,0.656 +- 0.0,0.72,0.656,0.0003124761581421165,0.00024999999999997247,0.00024999999999997247,0.656
Credit_g,179,var,avg,0.5,False,False,0.1,32,0.7203124761581421,0.72 +- 0.0,0.65625,0.656 +- 0.0,0.72,0.656,0.0003124761581421165,0.00024999999999997247,0.00024999999999997247,0.656
Credit_g,180,var,avg,0.5,False,False,0.1,64,0.7203124761581421,0.72 +- 0.0,0.65625,0.656 +- 0.0,0.72,0.656,0.0003124761581421165,0.00024999999999997247,0.00024999999999997247,0.656
Credit_g,183,var,avg,0.5,False,True,0.1,32,0.7203124761581421,0.72 +- 0.0,0.65625,0.656 +- 0.0,0.72,0.656,0.0003124761581421165,0.00024999999999997247,0.00024999999999997247,0.656
Credit_g,184,var,avg,0.5,False,True,0.1,64,0.7203124761581421,0.72 +- 0.0,0.65625,0.656 +- 0.0,0.72,0.656,0.0003124761581421165,0.00024999999999997247,0.00024999999999997247,0.656
Credit_g,187,var,avg,1.0,False,False,0.1,32,0.7203124761581421,0.72 +- 0.0,0.65625,0.656 +- 0.0,0.72,0.656,0.0003124761581421165,0.00024999999999997247,0.00024999999999997247,0.656
Credit_g,188,var,avg,1.0,False,False,0.1,64,0.7203124761581421,0.72 +- 0.0,0.65625,0.656 +- 0.0,0.72,0.656,0.0003124761581421165,0.00024999999999997247,0.00024999999999997247,0.656
Credit_g,191,var,avg,1.0,False,True,0.1,32,0.7203124761581421,0.72 +- 0.0,0.65625,0.656 +- 0.0,0.72,0.656,0.0003124761581421165,0.00024999999999997247,0.00024999999999997247,0.656
Credit_g,192,var,avg,1.0,False,True,0.1,64,0.7203124761581421,0.72 +- 0.0,0.65625,0.656 +- 0.0,0.72,0.656,0.0003124761581421165,0.00024999999999997247,0.00024999999999997247,0.656
